source,uID,syllogism,fluency,correct
purkyne,1276,3,difficult,0
purkyne,1276,4,difficult,0
purkyne,1276,5,difficult,1
purkyne,1276,6,difficult,0
purkyne,1276,7,difficult,1
purkyne,1276,8,difficult,0
purkyne,1277,3,easy,0
purkyne,1277,4,easy,0
purkyne,1277,5,easy,0
purkyne,1277,6,easy,0
purkyne,1277,7,easy,0
purkyne,1277,8,easy,0
purkyne,1278,3,difficult,0
purkyne,1278,4,difficult,0
purkyne,1278,5,difficult,1
purkyne,1278,6,difficult,0
purkyne,1278,7,difficult,1
purkyne,1278,8,difficult,0
purkyne,1279,3,easy,1
purkyne,1279,4,easy,0
purkyne,1279,5,easy,0
purkyne,1279,6,easy,0
purkyne,1279,7,easy,0
purkyne,1279,8,easy,0
purkyne,1280,3,easy,0
purkyne,1280,4,easy,0
purkyne,1280,5,easy,1
purkyne,1280,6,easy,0
purkyne,1280,7,easy,1
purkyne,1280,8,easy,0
purkyne,1281,3,difficult,0
purkyne,1281,4,difficult,0
purkyne,1281,5,difficult,0
purkyne,1281,6,difficult,1
purkyne,1281,7,difficult,0
purkyne,1281,8,difficult,1
purkyne,1282,3,difficult,0
purkyne,1282,4,difficult,0
purkyne,1282,5,difficult,1
purkyne,1282,6,difficult,0
purkyne,1282,7,difficult,0
purkyne,1282,8,difficult,0
purkyne,1283,3,difficult,0
purkyne,1283,4,difficult,0
purkyne,1283,5,difficult,1
purkyne,1283,6,difficult,0
purkyne,1283,7,difficult,0
purkyne,1283,8,difficult,0
purkyne,1284,3,difficult,0
purkyne,1284,4,difficult,0
purkyne,1284,5,difficult,1
purkyne,1284,6,difficult,0
purkyne,1284,7,difficult,0
purkyne,1284,8,difficult,0
purkyne,1285,3,easy,0
purkyne,1285,4,easy,0
purkyne,1285,5,easy,1
purkyne,1285,6,easy,0
purkyne,1285,7,easy,0
purkyne,1285,8,easy,0
purkyne,1286,3,difficult,0
purkyne,1286,4,difficult,0
purkyne,1286,5,difficult,1
purkyne,1286,6,difficult,0
purkyne,1286,7,difficult,0
purkyne,1286,8,difficult,1
purkyne,1287,3,difficult,0
purkyne,1287,4,difficult,0
purkyne,1287,5,difficult,1
purkyne,1287,6,difficult,0
purkyne,1287,7,difficult,0
purkyne,1287,8,difficult,0
purkyne,1288,3,easy,0
purkyne,1288,4,easy,0
purkyne,1288,5,easy,1
purkyne,1288,6,easy,0
purkyne,1288,7,easy,0
purkyne,1288,8,easy,0
purkyne,1289,3,easy,0
purkyne,1289,4,easy,0
purkyne,1289,5,easy,0
purkyne,1289,6,easy,0
purkyne,1289,7,easy,1
purkyne,1289,8,easy,0
purkyne,1290,3,difficult,0
purkyne,1290,4,difficult,1
purkyne,1290,5,difficult,1
purkyne,1290,6,difficult,0
purkyne,1290,7,difficult,1
purkyne,1290,8,difficult,0
purkyne,1291,3,easy,0
purkyne,1291,4,easy,0
purkyne,1291,5,easy,0
purkyne,1291,6,easy,0
purkyne,1291,7,easy,0
purkyne,1291,8,easy,0
purkyne,1292,3,easy,0
purkyne,1292,4,easy,0
purkyne,1292,5,easy,1
purkyne,1292,6,easy,1
purkyne,1292,7,easy,0
purkyne,1292,8,easy,1
purkyne,1293,3,easy,1
purkyne,1293,4,easy,0
purkyne,1293,5,easy,1
purkyne,1293,6,easy,0
purkyne,1293,7,easy,0
purkyne,1293,8,easy,0
purkyne,1294,3,easy,0
purkyne,1294,4,easy,0
purkyne,1294,5,easy,1
purkyne,1294,6,easy,1
purkyne,1294,7,easy,0
purkyne,1294,8,easy,0
purkyne,1295,3,easy,0
purkyne,1295,4,easy,0
purkyne,1295,5,easy,1
purkyne,1295,6,easy,0
purkyne,1295,7,easy,0
purkyne,1295,8,easy,0
purkyne,1296,3,difficult,0
purkyne,1296,4,difficult,0
purkyne,1296,5,difficult,1
purkyne,1296,6,difficult,0
purkyne,1296,7,difficult,1
purkyne,1296,8,difficult,0
purkyne,1297,3,easy,1
purkyne,1297,4,easy,0
purkyne,1297,5,easy,1
purkyne,1297,6,easy,0
purkyne,1297,7,easy,0
purkyne,1297,8,easy,0
purkyne,1298,3,difficult,0
purkyne,1298,4,difficult,0
purkyne,1298,5,difficult,1
purkyne,1298,6,difficult,0
purkyne,1298,7,difficult,0
purkyne,1298,8,difficult,0
purkyne,1299,3,easy,1
purkyne,1299,4,easy,0
purkyne,1299,5,easy,1
purkyne,1299,6,easy,0
purkyne,1299,7,easy,0
purkyne,1299,8,easy,0
purkyne,1300,3,difficult,0
purkyne,1300,4,difficult,0
purkyne,1300,5,difficult,1
purkyne,1300,6,difficult,0
purkyne,1300,7,difficult,0
purkyne,1300,8,difficult,0
purkyne,1301,3,easy,0
purkyne,1301,4,easy,0
purkyne,1301,5,easy,0
purkyne,1301,6,easy,0
purkyne,1301,7,easy,0
purkyne,1301,8,easy,0
purkyne,1302,3,easy,1
purkyne,1302,4,easy,0
purkyne,1302,5,easy,0
purkyne,1302,6,easy,1
purkyne,1302,7,easy,0
purkyne,1302,8,easy,1
purkyne,1303,3,easy,0
purkyne,1303,4,easy,0
purkyne,1303,5,easy,1
purkyne,1303,6,easy,0
purkyne,1303,7,easy,0
purkyne,1303,8,easy,0
purkyne,1304,3,easy,0
purkyne,1304,4,easy,0
purkyne,1304,5,easy,1
purkyne,1304,6,easy,1
purkyne,1304,7,easy,0
purkyne,1304,8,easy,1
purkyne,1305,3,difficult,1
purkyne,1305,4,difficult,0
purkyne,1305,5,difficult,1
purkyne,1305,6,difficult,1
purkyne,1305,7,difficult,0
purkyne,1305,8,difficult,0
purkyne,1306,3,difficult,0
purkyne,1306,4,difficult,0
purkyne,1306,5,difficult,0
purkyne,1306,6,difficult,0
purkyne,1306,7,difficult,0
purkyne,1306,8,difficult,0
purkyne,1307,3,easy,0
purkyne,1307,4,easy,0
purkyne,1307,5,easy,1
purkyne,1307,6,easy,0
purkyne,1307,7,easy,0
purkyne,1307,8,easy,0
purkyne,1308,3,difficult,0
purkyne,1308,4,difficult,0
purkyne,1308,5,difficult,0
purkyne,1308,6,difficult,1
purkyne,1308,7,difficult,0
purkyne,1308,8,difficult,0
purkyne,1309,3,difficult,0
purkyne,1309,4,difficult,0
purkyne,1309,5,difficult,1
purkyne,1309,6,difficult,0
purkyne,1309,7,difficult,1
purkyne,1309,8,difficult,0
purkyne,1310,3,difficult,0
purkyne,1310,4,difficult,0
purkyne,1310,5,difficult,0
purkyne,1310,6,difficult,0
purkyne,1310,7,difficult,0
purkyne,1310,8,difficult,0
purkyne,1311,3,difficult,0
purkyne,1311,4,difficult,0
purkyne,1311,5,difficult,0
purkyne,1311,6,difficult,0
purkyne,1311,7,difficult,0
purkyne,1311,8,difficult,0
purkyne,1312,3,difficult,1
purkyne,1312,4,difficult,0
purkyne,1312,5,difficult,1
purkyne,1312,6,difficult,0
purkyne,1312,7,difficult,1
purkyne,1312,8,difficult,0
purkyne,1313,3,difficult,1
purkyne,1313,4,difficult,0
purkyne,1313,5,difficult,1
purkyne,1313,6,difficult,0
purkyne,1313,7,difficult,0
purkyne,1313,8,difficult,1
purkyne,1314,3,difficult,0
purkyne,1314,4,difficult,0
purkyne,1314,5,difficult,1
purkyne,1314,6,difficult,0
purkyne,1314,7,difficult,0
purkyne,1314,8,difficult,0
purkyne,1315,3,easy,1
purkyne,1315,4,easy,0
purkyne,1315,5,easy,1
purkyne,1315,6,easy,0
purkyne,1315,7,easy,1
purkyne,1315,8,easy,0
purkyne,1316,3,easy,1
purkyne,1316,4,easy,0
purkyne,1316,5,easy,0
purkyne,1316,6,easy,0
purkyne,1316,7,easy,0
purkyne,1316,8,easy,0
purkyne,1317,3,easy,1
purkyne,1317,4,easy,0
purkyne,1317,5,easy,0
purkyne,1317,6,easy,0
purkyne,1317,7,easy,0
purkyne,1317,8,easy,0
purkyne,1319,3,difficult,0
purkyne,1319,4,difficult,0
purkyne,1319,5,difficult,1
purkyne,1319,6,difficult,1
purkyne,1319,7,difficult,0
purkyne,1319,8,difficult,0
purkyne,1320,3,difficult,0
purkyne,1320,4,difficult,0
purkyne,1320,5,difficult,0
purkyne,1320,6,difficult,0
purkyne,1320,8,difficult,0
purkyne,1321,3,difficult,0
purkyne,1321,4,difficult,0
purkyne,1321,5,difficult,0
purkyne,1321,6,difficult,0
purkyne,1321,7,difficult,1
purkyne,1321,8,difficult,0
purkyne,1322,3,easy,1
purkyne,1322,4,easy,1
purkyne,1322,5,easy,1
purkyne,1322,6,easy,0
purkyne,1322,7,easy,1
purkyne,1322,8,easy,0
purkyne,1323,3,difficult,1
purkyne,1323,4,difficult,0
purkyne,1323,5,difficult,1
purkyne,1323,6,difficult,0
purkyne,1323,7,difficult,1
purkyne,1323,8,difficult,1
purkyne,1324,3,difficult,0
purkyne,1324,4,difficult,0
purkyne,1324,5,difficult,0
purkyne,1324,6,difficult,0
purkyne,1324,7,difficult,0
purkyne,1324,8,difficult,0
purkyne,1325,3,easy,0
purkyne,1325,4,easy,0
purkyne,1325,5,easy,1
purkyne,1325,6,easy,0
purkyne,1325,7,easy,1
purkyne,1325,8,easy,0
purkyne,1326,3,difficult,0
purkyne,1326,4,difficult,0
purkyne,1326,5,difficult,1
purkyne,1326,6,difficult,0
purkyne,1326,7,difficult,0
purkyne,1326,8,difficult,0
purkyne,1327,3,easy,1
purkyne,1327,4,easy,0
purkyne,1327,5,easy,1
purkyne,1327,6,easy,0
purkyne,1327,7,easy,0
purkyne,1327,8,easy,0
purkyne,1328,3,easy,1
purkyne,1328,4,easy,0
purkyne,1328,5,easy,1
purkyne,1328,6,easy,0
purkyne,1328,7,easy,1
purkyne,1328,8,easy,1
purkyne,1329,3,easy,1
purkyne,1329,4,easy,0
purkyne,1329,5,easy,0
purkyne,1329,6,easy,0
purkyne,1329,7,easy,0
purkyne,1329,8,easy,0
purkyne,1330,3,difficult,0
purkyne,1330,4,difficult,0
purkyne,1330,5,difficult,1
purkyne,1330,6,difficult,0
purkyne,1330,7,difficult,0
purkyne,1330,8,difficult,0
purkyne,1331,3,difficult,0
purkyne,1331,4,difficult,0
purkyne,1331,5,difficult,1
purkyne,1331,6,difficult,0
purkyne,1331,7,difficult,0
purkyne,1331,8,difficult,0
purkyne,1332,3,easy,0
purkyne,1332,4,easy,0
purkyne,1332,5,easy,0
purkyne,1332,6,easy,0
purkyne,1332,7,easy,0
purkyne,1332,8,easy,1
purkyne,1333,3,easy,0
purkyne,1333,4,easy,0
purkyne,1333,5,easy,1
purkyne,1333,6,easy,0
purkyne,1333,7,easy,1
purkyne,1333,8,easy,0
purkyne,1334,3,difficult,0
purkyne,1334,4,difficult,0
purkyne,1334,5,difficult,1
purkyne,1334,6,difficult,0
purkyne,1334,7,difficult,1
purkyne,1334,8,difficult,0
purkyne,1335,3,difficult,0
purkyne,1335,4,difficult,0
purkyne,1335,5,difficult,1
purkyne,1335,6,difficult,1
purkyne,1335,7,difficult,0
purkyne,1335,8,difficult,0
purkyne,1336,3,difficult,0
purkyne,1336,4,difficult,0
purkyne,1336,5,difficult,0
purkyne,1336,6,difficult,0
purkyne,1336,7,difficult,1
purkyne,1336,8,difficult,0
purkyne,1337,3,difficult,0
purkyne,1337,4,difficult,0
purkyne,1337,5,difficult,1
purkyne,1337,6,difficult,0
purkyne,1337,7,difficult,0
purkyne,1337,8,difficult,0
purkyne,1338,3,difficult,0
purkyne,1338,4,difficult,1
purkyne,1338,5,difficult,1
purkyne,1338,6,difficult,0
purkyne,1338,7,difficult,0
purkyne,1338,8,difficult,0
purkyne,1339,3,difficult,0
purkyne,1339,4,difficult,0
purkyne,1339,5,difficult,1
purkyne,1339,6,difficult,0
purkyne,1339,7,difficult,1
purkyne,1339,8,difficult,1
purkyne,1340,3,difficult,1
purkyne,1340,4,difficult,0
purkyne,1340,5,difficult,1
purkyne,1340,6,difficult,0
purkyne,1340,7,difficult,1
purkyne,1340,8,difficult,0
purkyne,1341,3,difficult,1
purkyne,1341,4,difficult,0
purkyne,1341,5,difficult,1
purkyne,1341,6,difficult,1
purkyne,1341,7,difficult,0
purkyne,1341,8,difficult,1
purkyne,1342,3,difficult,0
purkyne,1342,4,difficult,0
purkyne,1342,5,difficult,1
purkyne,1342,6,difficult,0
purkyne,1342,7,difficult,1
purkyne,1342,8,difficult,0
purkyne,1343,3,easy,1
purkyne,1343,4,easy,0
purkyne,1343,5,easy,1
purkyne,1343,6,easy,0
purkyne,1343,7,easy,0
purkyne,1343,8,easy,0
purkyne,1344,3,easy,1
purkyne,1344,4,easy,0
purkyne,1344,5,easy,1
purkyne,1344,6,easy,0
purkyne,1344,7,easy,0
purkyne,1344,8,easy,0
purkyne,1345,3,easy,0
purkyne,1345,4,easy,0
purkyne,1345,5,easy,0
purkyne,1345,6,easy,0
purkyne,1345,7,easy,0
purkyne,1345,8,easy,0
purkyne,1346,3,difficult,1
purkyne,1346,4,difficult,0
purkyne,1346,5,difficult,1
purkyne,1346,6,difficult,0
purkyne,1346,7,difficult,1
purkyne,1346,8,difficult,0
purkyne,1347,3,easy,0
purkyne,1347,4,easy,0
purkyne,1347,5,easy,1
purkyne,1347,6,easy,0
purkyne,1347,7,easy,0
purkyne,1347,8,easy,0
purkyne,1348,3,difficult,1
purkyne,1348,4,difficult,0
purkyne,1348,5,difficult,1
purkyne,1348,6,difficult,0
purkyne,1348,7,difficult,0
purkyne,1348,8,difficult,0
purkyne,1349,3,difficult,0
purkyne,1349,4,difficult,0
purkyne,1349,5,difficult,1
purkyne,1349,6,difficult,0
purkyne,1349,7,difficult,1
purkyne,1349,8,difficult,0
purkyne,1350,3,easy,0
purkyne,1350,4,easy,0
purkyne,1350,5,easy,0
purkyne,1350,6,easy,0
purkyne,1350,7,easy,0
purkyne,1350,8,easy,0
purkyne,1351,3,easy,0
purkyne,1351,4,easy,0
purkyne,1351,5,easy,1
purkyne,1351,6,easy,0
purkyne,1351,7,easy,1
purkyne,1351,8,easy,0
purkyne,1352,3,easy,1
purkyne,1352,4,easy,0
purkyne,1352,5,easy,1
purkyne,1352,6,easy,0
purkyne,1352,7,easy,0
purkyne,1352,8,easy,1
purkyne,1353,3,difficult,0
purkyne,1353,4,difficult,0
purkyne,1353,5,difficult,0
purkyne,1353,6,difficult,0
purkyne,1353,7,difficult,1
purkyne,1353,8,difficult,0
purkyne,1354,3,difficult,1
purkyne,1354,4,difficult,0
purkyne,1354,5,difficult,1
purkyne,1354,6,difficult,0
purkyne,1354,7,difficult,0
purkyne,1354,8,difficult,1
purkyne,1355,3,difficult,1
purkyne,1355,4,difficult,0
purkyne,1355,5,difficult,1
purkyne,1355,6,difficult,0
purkyne,1355,7,difficult,0
purkyne,1355,8,difficult,0
purkyne,1356,3,easy,0
purkyne,1356,4,easy,0
purkyne,1356,5,easy,0
purkyne,1356,6,easy,0
purkyne,1356,7,easy,0
purkyne,1356,8,easy,1
purkyne,1357,3,easy,1
purkyne,1357,4,easy,0
purkyne,1357,5,easy,1
purkyne,1357,6,easy,0
purkyne,1357,7,easy,0
purkyne,1357,8,easy,0
purkyne,1358,3,easy,1
purkyne,1358,4,easy,0
purkyne,1358,5,easy,1
purkyne,1358,6,easy,0
purkyne,1358,7,easy,0
purkyne,1358,8,easy,0
purkyne,1359,3,difficult,0
purkyne,1359,4,difficult,0
purkyne,1359,5,difficult,1
purkyne,1359,6,difficult,0
purkyne,1359,7,difficult,0
purkyne,1359,8,difficult,0
purkyne,1360,3,easy,0
purkyne,1360,4,easy,0
purkyne,1360,5,easy,1
purkyne,1360,6,easy,0
purkyne,1360,7,easy,0
purkyne,1360,8,easy,0
purkyne,1361,3,easy,0
purkyne,1361,4,easy,0
purkyne,1361,5,easy,1
purkyne,1361,6,easy,0
purkyne,1361,7,easy,0
purkyne,1361,8,easy,1
purkyne,1362,3,easy,1
purkyne,1362,4,easy,1
purkyne,1362,5,easy,1
purkyne,1362,6,easy,0
purkyne,1362,7,easy,0
purkyne,1362,8,easy,1
purkyne,1363,3,easy,1
purkyne,1363,4,easy,0
purkyne,1363,5,easy,0
purkyne,1363,6,easy,0
purkyne,1363,7,easy,0
purkyne,1363,8,easy,1
purkyne,1364,3,easy,1
purkyne,1364,4,easy,0
purkyne,1364,5,easy,0
purkyne,1364,6,easy,0
purkyne,1364,7,easy,0
purkyne,1364,8,easy,0
purkyne,1365,3,easy,0
purkyne,1365,4,easy,0
purkyne,1365,5,easy,1
purkyne,1365,6,easy,0
purkyne,1365,7,easy,0
purkyne,1365,8,easy,1
purkyne,1366,3,difficult,0
purkyne,1366,4,difficult,0
purkyne,1366,5,difficult,0
purkyne,1366,6,difficult,0
purkyne,1366,7,difficult,0
purkyne,1366,8,difficult,0
purkyne,1367,3,difficult,0
purkyne,1367,4,difficult,0
purkyne,1367,5,difficult,1
purkyne,1367,6,difficult,0
purkyne,1367,7,difficult,0
purkyne,1367,8,difficult,0
purkyne,1368,3,difficult,0
purkyne,1368,4,difficult,0
purkyne,1368,5,difficult,0
purkyne,1368,6,difficult,0
purkyne,1368,7,difficult,0
purkyne,1368,8,difficult,0
purkyne,1369,3,easy,0
purkyne,1369,4,easy,0
purkyne,1369,5,easy,1
purkyne,1369,7,easy,1
purkyne,1369,8,easy,0
purkyne,1370,3,easy,0
purkyne,1370,4,easy,0
purkyne,1370,5,easy,1
purkyne,1370,6,easy,0
purkyne,1370,7,easy,1
purkyne,1370,8,easy,0
purkyne,1371,3,easy,0
purkyne,1371,4,easy,0
purkyne,1371,5,easy,1
purkyne,1371,6,easy,0
purkyne,1371,7,easy,0
purkyne,1371,8,easy,0
purkyne,1372,3,easy,1
purkyne,1372,4,easy,0
purkyne,1372,5,easy,0
purkyne,1372,6,easy,0
purkyne,1372,7,easy,1
purkyne,1372,8,easy,1
purkyne,1373,3,difficult,0
purkyne,1373,4,difficult,0
purkyne,1373,5,difficult,1
purkyne,1373,6,difficult,0
purkyne,1373,7,difficult,1
purkyne,1373,8,difficult,0
purkyne,1374,3,easy,1
purkyne,1374,4,easy,0
purkyne,1374,5,easy,1
purkyne,1374,6,easy,0
purkyne,1374,7,easy,0
purkyne,1374,8,easy,1
purkyne,1375,3,difficult,0
purkyne,1375,4,difficult,0
purkyne,1375,5,difficult,1
purkyne,1375,6,difficult,0
purkyne,1375,7,difficult,1
purkyne,1375,8,difficult,0
purkyne,1376,3,easy,0
purkyne,1376,4,easy,0
purkyne,1376,5,easy,1
purkyne,1376,6,easy,0
purkyne,1376,7,easy,0
purkyne,1376,8,easy,0
purkyne,1377,3,easy,1
purkyne,1377,4,easy,0
purkyne,1377,5,easy,1
purkyne,1377,6,easy,0
purkyne,1377,7,easy,0
purkyne,1377,8,easy,0
purkyne,1378,3,easy,0
purkyne,1378,4,easy,0
purkyne,1378,5,easy,1
purkyne,1378,6,easy,0
purkyne,1378,7,easy,1
purkyne,1378,8,easy,0
purkyne,1379,3,difficult,0
purkyne,1379,4,difficult,1
purkyne,1379,5,difficult,1
purkyne,1379,6,difficult,0
purkyne,1379,7,difficult,0
purkyne,1379,8,difficult,0
purkyne,1380,3,difficult,1
purkyne,1380,4,difficult,0
purkyne,1380,5,difficult,1
purkyne,1380,6,difficult,0
purkyne,1380,7,difficult,0
purkyne,1380,8,difficult,0
purkyne,1381,3,easy,0
purkyne,1381,4,easy,0
purkyne,1381,5,easy,1
purkyne,1381,6,easy,0
purkyne,1381,7,easy,0
purkyne,1381,8,easy,0
purkyne,1382,3,easy,0
purkyne,1382,4,easy,0
purkyne,1382,5,easy,0
purkyne,1382,6,easy,0
purkyne,1382,7,easy,0
purkyne,1382,8,easy,0
purkyne,1383,3,difficult,1
purkyne,1383,4,difficult,0
purkyne,1383,5,difficult,1
purkyne,1383,6,difficult,0
purkyne,1383,7,difficult,0
purkyne,1383,8,difficult,0
purkyne,1384,3,easy,0
purkyne,1384,4,easy,0
purkyne,1384,5,easy,1
purkyne,1384,6,easy,0
purkyne,1384,7,easy,0
purkyne,1384,8,easy,0
purkyne,1385,3,difficult,0
purkyne,1385,4,difficult,0
purkyne,1385,5,difficult,0
purkyne,1385,6,difficult,0
purkyne,1385,7,difficult,0
purkyne,1385,8,difficult,0
purkyne,1386,3,easy,1
purkyne,1386,4,easy,1
purkyne,1386,5,easy,1
purkyne,1386,6,easy,0
purkyne,1386,7,easy,0
purkyne,1386,8,easy,1
purkyne,1387,3,easy,0
purkyne,1387,4,easy,1
purkyne,1387,5,easy,1
purkyne,1387,6,easy,0
purkyne,1387,7,easy,0
purkyne,1387,8,easy,0
purkyne,1388,3,difficult,1
purkyne,1388,4,difficult,0
purkyne,1388,5,difficult,1
purkyne,1388,6,difficult,0
purkyne,1388,7,difficult,0
purkyne,1388,8,difficult,1
purkyne,1389,3,difficult,0
purkyne,1389,4,difficult,0
purkyne,1389,5,difficult,1
purkyne,1389,6,difficult,0
purkyne,1389,7,difficult,0
purkyne,1389,8,difficult,0
purkyne,1390,3,difficult,1
purkyne,1390,4,difficult,0
purkyne,1390,5,difficult,0
purkyne,1390,6,difficult,0
purkyne,1390,7,difficult,0
purkyne,1390,8,difficult,0
purkyne,1391,3,difficult,1
purkyne,1391,4,difficult,0
purkyne,1391,5,difficult,0
purkyne,1391,6,difficult,0
purkyne,1391,7,difficult,0
purkyne,1391,8,difficult,0
purkyne,1392,3,difficult,0
purkyne,1392,4,difficult,0
purkyne,1392,5,difficult,1
purkyne,1392,6,difficult,1
purkyne,1392,7,difficult,0
purkyne,1392,8,difficult,1
purkyne,1393,3,difficult,1
purkyne,1393,4,difficult,0
purkyne,1393,5,difficult,1
purkyne,1393,6,difficult,0
purkyne,1393,7,difficult,0
purkyne,1393,8,difficult,1
purkyne,1394,3,easy,1
purkyne,1394,4,easy,0
purkyne,1394,5,easy,1
purkyne,1394,6,easy,0
purkyne,1394,7,easy,1
purkyne,1394,8,easy,1
purkyne,1395,3,easy,1
purkyne,1395,4,easy,0
purkyne,1395,5,easy,1
purkyne,1395,6,easy,0
purkyne,1395,7,easy,0
purkyne,1395,8,easy,1
purkyne,1396,3,difficult,1
purkyne,1396,4,difficult,0
purkyne,1396,5,difficult,1
purkyne,1396,6,difficult,0
purkyne,1396,7,difficult,1
purkyne,1396,8,difficult,0
purkyne,1397,3,difficult,0
purkyne,1397,4,difficult,0
purkyne,1397,5,difficult,1
purkyne,1397,6,difficult,0
purkyne,1397,7,difficult,0
purkyne,1397,8,difficult,1
purkyne,1398,3,difficult,0
purkyne,1398,4,difficult,0
purkyne,1398,5,difficult,0
purkyne,1398,6,difficult,0
purkyne,1398,7,difficult,1
purkyne,1398,8,difficult,0
purkyne,1399,3,difficult,1
purkyne,1399,4,difficult,0
purkyne,1399,5,difficult,1
purkyne,1399,6,difficult,1
purkyne,1399,7,difficult,1
purkyne,1399,8,difficult,1
purkyne,1400,3,easy,0
purkyne,1400,4,easy,0
purkyne,1400,5,easy,1
purkyne,1400,6,easy,0
purkyne,1400,7,easy,0
purkyne,1400,8,easy,0
purkyne,1401,3,easy,0
purkyne,1401,4,easy,0
purkyne,1401,5,easy,1
purkyne,1401,6,easy,0
purkyne,1401,7,easy,0
purkyne,1401,8,easy,0
purkyne,1402,3,easy,1
purkyne,1402,4,easy,0
purkyne,1402,5,easy,1
purkyne,1402,6,easy,0
purkyne,1402,7,easy,0
purkyne,1402,8,easy,0
purkyne,1403,3,easy,0
purkyne,1403,4,easy,0
purkyne,1403,5,easy,1
purkyne,1403,6,easy,0
purkyne,1403,7,easy,1
purkyne,1403,8,easy,0
purkyne,1404,3,easy,0
purkyne,1404,4,easy,0
purkyne,1404,5,easy,0
purkyne,1404,6,easy,1
purkyne,1404,7,easy,0
purkyne,1404,8,easy,1
purkyne,1405,3,easy,0
purkyne,1405,4,easy,0
purkyne,1405,5,easy,1
purkyne,1405,6,easy,0
purkyne,1405,7,easy,1
purkyne,1405,8,easy,0
purkyne,1406,3,easy,0
purkyne,1406,4,easy,0
purkyne,1406,5,easy,0
purkyne,1406,6,easy,0
purkyne,1406,7,easy,0
purkyne,1406,8,easy,0
purkyne,1407,3,easy,0
purkyne,1407,4,easy,0
purkyne,1407,5,easy,1
purkyne,1407,6,easy,1
purkyne,1407,7,easy,0
purkyne,1407,8,easy,0
purkyne,1408,3,difficult,0
purkyne,1408,4,difficult,0
purkyne,1408,5,difficult,0
purkyne,1408,6,difficult,0
purkyne,1408,7,difficult,0
purkyne,1408,8,difficult,0
purkyne,1409,3,easy,0
purkyne,1409,4,easy,1
purkyne,1409,5,easy,1
purkyne,1409,6,easy,0
purkyne,1409,7,easy,1
purkyne,1409,8,easy,1
purkyne,1410,3,difficult,0
purkyne,1410,4,difficult,0
purkyne,1410,5,difficult,0
purkyne,1410,6,difficult,1
purkyne,1410,7,difficult,1
purkyne,1410,8,difficult,0
purkyne,1411,3,difficult,1
purkyne,1411,4,difficult,0
purkyne,1411,5,difficult,1
purkyne,1411,6,difficult,0
purkyne,1411,7,difficult,0
purkyne,1411,8,difficult,0
purkyne,1412,3,difficult,0
purkyne,1412,4,difficult,1
purkyne,1412,5,difficult,1
purkyne,1412,6,difficult,0
purkyne,1412,7,difficult,1
purkyne,1412,8,difficult,0
purkyne,1413,3,difficult,0
purkyne,1413,4,difficult,0
purkyne,1413,5,difficult,1
purkyne,1413,6,difficult,0
purkyne,1413,7,difficult,0
purkyne,1413,8,difficult,0
purkyne,1414,3,difficult,0
purkyne,1414,4,difficult,0
purkyne,1414,5,difficult,1
purkyne,1414,6,difficult,0
purkyne,1414,7,difficult,1
purkyne,1414,8,difficult,0
purkyne,1415,3,difficult,1
purkyne,1415,4,difficult,1
purkyne,1415,5,difficult,1
purkyne,1415,6,difficult,0
purkyne,1415,7,difficult,1
purkyne,1415,8,difficult,0
purkyne,1416,3,easy,0
purkyne,1416,4,easy,0
purkyne,1416,5,easy,1
purkyne,1416,6,easy,0
purkyne,1416,7,easy,1
purkyne,1416,8,easy,0
tilburgcaf,1687,3,easy,1
tilburgcaf,1687,4,easy,1
tilburgcaf,1687,5,easy,1
tilburgcaf,1687,6,easy,1
tilburgcaf,1687,7,easy,0
tilburgcaf,1687,8,easy,0
tilburgcaf,1689,3,difficult,1
tilburgcaf,1689,4,difficult,0
tilburgcaf,1689,5,difficult,1
tilburgcaf,1689,6,difficult,1
tilburgcaf,1689,7,difficult,0
tilburgcaf,1689,8,difficult,1
tilburgcaf,1690,3,difficult,1
tilburgcaf,1690,4,difficult,1
tilburgcaf,1690,5,difficult,1
tilburgcaf,1690,6,difficult,1
tilburgcaf,1690,7,difficult,0
tilburgcaf,1690,8,difficult,1
tilburgcaf,1691,3,difficult,0
tilburgcaf,1691,4,difficult,1
tilburgcaf,1691,5,difficult,0
tilburgcaf,1691,6,difficult,0
tilburgcaf,1691,7,difficult,0
tilburgcaf,1691,8,difficult,0
tilburgcaf,1692,3,easy,1
tilburgcaf,1692,4,easy,0
tilburgcaf,1692,5,easy,0
tilburgcaf,1692,6,easy,0
tilburgcaf,1692,7,easy,0
tilburgcaf,1692,8,easy,0
tilburgcaf,1693,3,easy,0
tilburgcaf,1693,4,easy,0
tilburgcaf,1693,5,easy,1
tilburgcaf,1693,6,easy,0
tilburgcaf,1693,7,easy,0
tilburgcaf,1693,8,easy,0
tilburgcaf,1697,3,difficult,1
tilburgcaf,1697,4,difficult,0
tilburgcaf,1697,5,difficult,1
tilburgcaf,1697,6,difficult,1
tilburgcaf,1697,7,difficult,1
tilburgcaf,1697,8,difficult,1
tilburgcaf,1698,3,easy,1
tilburgcaf,1698,4,easy,0
tilburgcaf,1698,5,easy,0
tilburgcaf,1698,6,easy,0
tilburgcaf,1698,7,easy,0
tilburgcaf,1698,8,easy,1
tilburgcaf,1717,3,difficult,1
tilburgcaf,1717,4,difficult,0
tilburgcaf,1717,5,difficult,1
tilburgcaf,1717,6,difficult,0
tilburgcaf,1717,7,difficult,1
tilburgcaf,1717,8,difficult,1
tilburgcaf,1718,3,difficult,0
tilburgcaf,1718,4,difficult,0
tilburgcaf,1718,5,difficult,1
tilburgcaf,1718,6,difficult,0
tilburgcaf,1718,7,difficult,1
tilburgcaf,1718,8,difficult,0
tilburgcaf,1720,3,difficult,0
tilburgcaf,1720,4,difficult,0
tilburgcaf,1720,5,difficult,1
tilburgcaf,1720,6,difficult,0
tilburgcaf,1720,7,difficult,0
tilburgcaf,1720,8,difficult,0
tilburgcaf,1722,3,difficult,0
tilburgcaf,1722,4,difficult,0
tilburgcaf,1722,5,difficult,0
tilburgcaf,1722,6,difficult,0
tilburgcaf,1722,7,difficult,1
tilburgcaf,1722,8,difficult,0
tilburgcaf,1724,4,easy,0
tilburgcaf,1724,5,easy,1
tilburgcaf,1724,6,easy,0
tilburgcaf,1724,7,easy,0
tilburgcaf,1724,8,easy,0
tilburgcaf,1726,3,easy,1
tilburgcaf,1726,4,easy,0
tilburgcaf,1726,5,easy,1
tilburgcaf,1726,6,easy,0
tilburgcaf,1726,7,easy,0
tilburgcaf,1726,8,easy,1
tilburgcaf,1727,3,easy,1
tilburgcaf,1727,4,easy,0
tilburgcaf,1727,5,easy,1
tilburgcaf,1727,6,easy,1
tilburgcaf,1727,7,easy,0
tilburgcaf,1727,8,easy,0
tilburgcaf,1728,3,difficult,1
tilburgcaf,1728,4,difficult,1
tilburgcaf,1728,5,difficult,1
tilburgcaf,1728,6,difficult,1
tilburgcaf,1728,7,difficult,0
tilburgcaf,1728,8,difficult,0
tilburgcaf,1738,3,difficult,1
tilburgcaf,1738,4,difficult,0
tilburgcaf,1738,5,difficult,0
tilburgcaf,1738,6,difficult,0
tilburgcaf,1738,7,difficult,0
tilburgcaf,1738,8,difficult,1
tilburgcaf,1739,3,difficult,1
tilburgcaf,1739,4,difficult,0
tilburgcaf,1739,5,difficult,1
tilburgcaf,1739,6,difficult,0
tilburgcaf,1739,7,difficult,0
tilburgcaf,1739,8,difficult,1
tilburgcaf,1740,3,difficult,1
tilburgcaf,1740,4,difficult,0
tilburgcaf,1740,5,difficult,0
tilburgcaf,1740,6,difficult,1
tilburgcaf,1740,7,difficult,0
tilburgcaf,1740,8,difficult,1
tilburgcaf,1741,3,difficult,1
tilburgcaf,1741,4,difficult,0
tilburgcaf,1741,5,difficult,1
tilburgcaf,1741,6,difficult,1
tilburgcaf,1741,7,difficult,0
tilburgcaf,1741,8,difficult,1
tilburgcaf,1743,3,difficult,0
tilburgcaf,1743,4,difficult,1
tilburgcaf,1743,5,difficult,1
tilburgcaf,1743,6,difficult,1
tilburgcaf,1743,7,difficult,1
tilburgcaf,1743,8,difficult,0
tilburgcaf,1744,3,easy,1
tilburgcaf,1744,5,easy,0
tilburgcaf,1744,6,easy,0
tilburgcaf,1744,7,easy,0
tilburgcaf,1744,8,easy,0
tilburgcaf,1745,3,difficult,1
tilburgcaf,1745,4,difficult,1
tilburgcaf,1745,5,difficult,0
tilburgcaf,1745,6,difficult,0
tilburgcaf,1745,7,difficult,0
tilburgcaf,1745,8,difficult,0
tilburgcaf,1746,3,easy,0
tilburgcaf,1746,4,easy,0
tilburgcaf,1746,5,easy,1
tilburgcaf,1746,6,easy,0
tilburgcaf,1746,7,easy,1
tilburgcaf,1746,8,easy,1
tilburgcaf,1747,3,easy,1
tilburgcaf,1747,4,easy,0
tilburgcaf,1747,5,easy,1
tilburgcaf,1747,6,easy,0
tilburgcaf,1747,7,easy,0
tilburgcaf,1747,8,easy,1
tilburgcaf,1748,3,difficult,0
tilburgcaf,1748,4,difficult,0
tilburgcaf,1748,5,difficult,1
tilburgcaf,1748,6,difficult,0
tilburgcaf,1748,7,difficult,0
tilburgcaf,1748,8,difficult,0
tilburgcaf,1749,3,easy,0
tilburgcaf,1749,4,easy,1
tilburgcaf,1749,5,easy,0
tilburgcaf,1749,6,easy,1
tilburgcaf,1749,7,easy,0
tilburgcaf,1749,8,easy,1
tilburgcaf,1750,3,easy,0
tilburgcaf,1750,4,easy,0
tilburgcaf,1750,5,easy,1
tilburgcaf,1750,6,easy,0
tilburgcaf,1750,7,easy,0
tilburgcaf,1750,8,easy,0
tilburgcaf,1753,3,easy,0
tilburgcaf,1753,4,easy,0
tilburgcaf,1753,5,easy,1
tilburgcaf,1753,6,easy,1
tilburgcaf,1753,7,easy,0
tilburgcaf,1753,8,easy,0
tilburgcaf,1754,3,difficult,0
tilburgcaf,1754,4,difficult,0
tilburgcaf,1754,5,difficult,0
tilburgcaf,1754,6,difficult,0
tilburgcaf,1754,7,difficult,0
tilburgcaf,1754,8,difficult,0
tilburgcaf,1756,3,difficult,1
tilburgcaf,1756,4,difficult,0
tilburgcaf,1756,5,difficult,1
tilburgcaf,1756,6,difficult,1
tilburgcaf,1756,7,difficult,0
tilburgcaf,1756,8,difficult,1
tilburgcaf,1765,3,easy,1
tilburgcaf,1765,4,easy,0
tilburgcaf,1765,5,easy,0
tilburgcaf,1765,6,easy,0
tilburgcaf,1765,7,easy,0
tilburgcaf,1765,8,easy,0
tilburgcaf,1770,3,difficult,1
tilburgcaf,1770,4,difficult,0
tilburgcaf,1770,5,difficult,1
tilburgcaf,1770,6,difficult,0
tilburgcaf,1770,7,difficult,0
tilburgcaf,1770,8,difficult,0
tilburgcaf,1773,3,easy,0
tilburgcaf,1773,4,easy,0
tilburgcaf,1773,5,easy,1
tilburgcaf,1773,6,easy,0
tilburgcaf,1773,7,easy,0
tilburgcaf,1773,8,easy,0
tilburgcaf,1774,3,difficult,0
tilburgcaf,1774,4,difficult,0
tilburgcaf,1774,5,difficult,1
tilburgcaf,1774,6,difficult,0
tilburgcaf,1774,7,difficult,1
tilburgcaf,1774,8,difficult,0
tilburgcaf,1775,3,difficult,0
tilburgcaf,1775,4,difficult,0
tilburgcaf,1775,5,difficult,1
tilburgcaf,1775,6,difficult,1
tilburgcaf,1775,7,difficult,1
tilburgcaf,1775,8,difficult,1
tilburgcaf,1796,3,difficult,0
tilburgcaf,1796,4,difficult,0
tilburgcaf,1796,5,difficult,1
tilburgcaf,1796,6,difficult,0
tilburgcaf,1796,7,difficult,0
tilburgcaf,1796,8,difficult,0
tilburgcaf,1797,3,difficult,0
tilburgcaf,1797,4,difficult,1
tilburgcaf,1797,5,difficult,1
tilburgcaf,1797,6,difficult,1
tilburgcaf,1797,7,difficult,0
tilburgcaf,1797,8,difficult,1
tilburgcaf,1836,3,easy,0
tilburgcaf,1836,4,easy,0
tilburgcaf,1836,5,easy,1
tilburgcaf,1836,6,easy,0
tilburgcaf,1836,7,easy,0
tilburgcaf,1836,8,easy,1
tilburgcaf,1837,3,difficult,0
tilburgcaf,1837,4,difficult,0
tilburgcaf,1837,5,difficult,1
tilburgcaf,1837,6,difficult,0
tilburgcaf,1837,7,difficult,0
tilburgcaf,1837,8,difficult,1
tilburgcaf,1838,3,easy,0
tilburgcaf,1838,4,easy,0
tilburgcaf,1838,5,easy,1
tilburgcaf,1838,6,easy,1
tilburgcaf,1838,7,easy,1
tilburgcaf,1838,8,easy,0
tilburgcaf,1839,3,easy,1
tilburgcaf,1839,4,easy,0
tilburgcaf,1839,5,easy,1
tilburgcaf,1839,6,easy,0
tilburgcaf,1839,7,easy,0
tilburgcaf,1839,8,easy,0
tilburgcaf,1840,3,difficult,0
tilburgcaf,1840,4,difficult,0
tilburgcaf,1840,5,difficult,1
tilburgcaf,1840,6,difficult,0
tilburgcaf,1840,7,difficult,1
tilburgcaf,1840,8,difficult,1
tilburgcaf,1841,3,difficult,1
tilburgcaf,1841,4,difficult,0
tilburgcaf,1841,5,difficult,1
tilburgcaf,1841,6,difficult,0
tilburgcaf,1841,7,difficult,0
tilburgcaf,1841,8,difficult,1
tilburgcaf,1842,3,easy,1
tilburgcaf,1842,4,easy,0
tilburgcaf,1842,5,easy,1
tilburgcaf,1842,6,easy,0
tilburgcaf,1842,7,easy,0
tilburgcaf,1842,8,easy,0
tilburgcaf,1843,3,difficult,1
tilburgcaf,1843,4,difficult,0
tilburgcaf,1843,5,difficult,1
tilburgcaf,1843,6,difficult,0
tilburgcaf,1843,7,difficult,0
tilburgcaf,1843,8,difficult,1
tilburgcaf,1844,3,difficult,0
tilburgcaf,1844,4,difficult,0
tilburgcaf,1844,5,difficult,1
tilburgcaf,1844,6,difficult,0
tilburgcaf,1844,7,difficult,0
tilburgcaf,1844,8,difficult,0
tilburgcaf,1845,3,easy,0
tilburgcaf,1845,4,easy,0
tilburgcaf,1845,5,easy,1
tilburgcaf,1845,6,easy,0
tilburgcaf,1845,7,easy,0
tilburgcaf,1845,8,easy,0
tilburgcaf,1856,3,easy,1
tilburgcaf,1856,4,easy,0
tilburgcaf,1856,5,easy,1
tilburgcaf,1856,6,easy,0
tilburgcaf,1856,7,easy,1
tilburgcaf,1856,8,easy,0
tilburgcaf,1857,3,difficult,1
tilburgcaf,1857,4,difficult,0
tilburgcaf,1857,5,difficult,1
tilburgcaf,1857,6,difficult,0
tilburgcaf,1857,7,difficult,1
tilburgcaf,1857,8,difficult,1
tilburgcaf,1859,3,easy,1
tilburgcaf,1859,4,easy,0
tilburgcaf,1859,5,easy,0
tilburgcaf,1859,6,easy,0
tilburgcaf,1859,7,easy,0
tilburgcaf,1859,8,easy,0
tilburgcaf,1860,3,difficult,0
tilburgcaf,1860,4,difficult,0
tilburgcaf,1860,5,difficult,1
tilburgcaf,1860,6,difficult,0
tilburgcaf,1860,7,difficult,1
tilburgcaf,1860,8,difficult,0
tilburgcaf,1861,3,difficult,1
tilburgcaf,1861,4,difficult,0
tilburgcaf,1861,5,difficult,0
tilburgcaf,1861,6,difficult,0
tilburgcaf,1861,7,difficult,1
tilburgcaf,1861,8,difficult,0
tilburgcaf,1862,3,difficult,1
tilburgcaf,1862,4,difficult,0
tilburgcaf,1862,5,difficult,1
tilburgcaf,1862,6,difficult,0
tilburgcaf,1862,7,difficult,0
tilburgcaf,1862,8,difficult,1
tilburgcaf,1863,3,difficult,0
tilburgcaf,1863,4,difficult,0
tilburgcaf,1863,5,difficult,1
tilburgcaf,1863,6,difficult,0
tilburgcaf,1863,7,difficult,0
tilburgcaf,1863,8,difficult,0
tilburgcaf,1864,3,easy,0
tilburgcaf,1864,4,easy,0
tilburgcaf,1864,5,easy,0
tilburgcaf,1864,6,easy,0
tilburgcaf,1864,7,easy,0
tilburgcaf,1864,8,easy,0
tilburgcaf,1865,3,easy,0
tilburgcaf,1865,4,easy,0
tilburgcaf,1865,5,easy,1
tilburgcaf,1865,6,easy,1
tilburgcaf,1865,7,easy,0
tilburgcaf,1866,3,easy,0
tilburgcaf,1866,4,easy,0
tilburgcaf,1866,5,easy,1
tilburgcaf,1866,6,easy,0
tilburgcaf,1866,7,easy,1
tilburgcaf,1866,8,easy,0
tilburgcaf,1867,3,easy,1
tilburgcaf,1867,4,easy,0
tilburgcaf,1867,5,easy,1
tilburgcaf,1867,6,easy,1
tilburgcaf,1867,7,easy,1
tilburgcaf,1867,8,easy,0
tilburgcaf,1868,3,difficult,0
tilburgcaf,1868,4,difficult,0
tilburgcaf,1868,5,difficult,1
tilburgcaf,1868,6,difficult,1
tilburgcaf,1868,7,difficult,0
tilburgcaf,1868,8,difficult,0
tilburgcaf,1869,3,difficult,1
tilburgcaf,1869,4,difficult,0
tilburgcaf,1869,5,difficult,1
tilburgcaf,1869,6,difficult,0
tilburgcaf,1869,7,difficult,0
tilburgcaf,1869,8,difficult,0
tilburgcaf,1870,3,easy,0
tilburgcaf,1870,4,easy,0
tilburgcaf,1870,5,easy,1
tilburgcaf,1870,6,easy,1
tilburgcaf,1870,7,easy,0
tilburgcaf,1870,8,easy,1
tilburgcaf,1874,3,difficult,0
tilburgcaf,1874,4,difficult,0
tilburgcaf,1874,5,difficult,1
tilburgcaf,1874,6,difficult,0
tilburgcaf,1874,7,difficult,0
tilburgcaf,1874,8,difficult,0
tilburgcaf,1884,3,easy,0
tilburgcaf,1884,4,easy,0
tilburgcaf,1884,5,easy,1
tilburgcaf,1884,6,easy,0
tilburgcaf,1884,7,easy,0
tilburgcaf,1884,8,easy,0
tilburgcaf,1886,3,easy,0
tilburgcaf,1886,4,easy,0
tilburgcaf,1886,5,easy,0
tilburgcaf,1886,6,easy,0
tilburgcaf,1886,7,easy,0
tilburgcaf,1886,8,easy,0
tilburgcaf,1904,3,easy,1
tilburgcaf,1904,4,easy,0
tilburgcaf,1904,5,easy,1
tilburgcaf,1904,6,easy,0
tilburgcaf,1904,7,easy,0
tilburgcaf,1904,8,easy,0
tilburgcaf,1905,3,easy,0
tilburgcaf,1905,4,easy,0
tilburgcaf,1905,5,easy,1
tilburgcaf,1905,6,easy,0
tilburgcaf,1905,7,easy,0
tilburgcaf,1905,8,easy,0
tilburgcaf,1906,3,easy,0
tilburgcaf,1906,4,easy,0
tilburgcaf,1906,5,easy,1
tilburgcaf,1906,6,easy,0
tilburgcaf,1906,7,easy,0
tilburgcaf,1906,8,easy,0
tilburgcaf,1907,3,easy,1
tilburgcaf,1907,4,easy,0
tilburgcaf,1907,5,easy,1
tilburgcaf,1907,6,easy,0
tilburgcaf,1907,7,easy,0
tilburgcaf,1907,8,easy,1
tilburgcaf,1908,3,difficult,0
tilburgcaf,1908,4,difficult,0
tilburgcaf,1908,5,difficult,1
tilburgcaf,1908,6,difficult,0
tilburgcaf,1908,7,difficult,1
tilburgcaf,1908,8,difficult,0
tilburgcaf,1909,3,easy,1
tilburgcaf,1909,4,easy,0
tilburgcaf,1909,5,easy,0
tilburgcaf,1909,6,easy,0
tilburgcaf,1909,7,easy,0
tilburgcaf,1909,8,easy,0
tilburgcaf,1911,3,difficult,1
tilburgcaf,1911,4,difficult,0
tilburgcaf,1911,5,difficult,1
tilburgcaf,1911,6,difficult,0
tilburgcaf,1911,7,difficult,0
tilburgcaf,1911,8,difficult,0
tilburgcaf,1912,3,difficult,0
tilburgcaf,1912,4,difficult,1
tilburgcaf,1912,5,difficult,1
tilburgcaf,1912,6,difficult,1
tilburgcaf,1912,7,difficult,0
tilburgcaf,1912,8,difficult,0
tilburgcaf,1914,3,difficult,0
tilburgcaf,1914,4,difficult,0
tilburgcaf,1914,5,difficult,1
tilburgcaf,1914,6,difficult,1
tilburgcaf,1914,7,difficult,1
tilburgcaf,1914,8,difficult,0
tilburgcaf,1915,3,easy,0
tilburgcaf,1915,4,easy,0
tilburgcaf,1915,5,easy,1
tilburgcaf,1915,6,easy,1
tilburgcaf,1915,7,easy,0
tilburgcaf,1915,8,easy,1
tilburgcaf,1916,3,easy,0
tilburgcaf,1916,4,easy,0
tilburgcaf,1916,5,easy,0
tilburgcaf,1916,6,easy,0
tilburgcaf,1916,7,easy,0
tilburgcaf,1916,8,easy,0
tilburgcaf,1917,3,easy,0
tilburgcaf,1917,4,easy,0
tilburgcaf,1917,5,easy,1
tilburgcaf,1917,6,easy,0
tilburgcaf,1917,7,easy,1
tilburgcaf,1917,8,easy,0
tilburgcaf,1918,3,easy,0
tilburgcaf,1918,4,easy,0
tilburgcaf,1918,5,easy,1
tilburgcaf,1918,6,easy,1
tilburgcaf,1918,7,easy,1
tilburgcaf,1918,8,easy,0
tilburgcaf,1919,3,difficult,1
tilburgcaf,1919,4,difficult,0
tilburgcaf,1919,5,difficult,1
tilburgcaf,1919,6,difficult,1
tilburgcaf,1919,7,difficult,1
tilburgcaf,1919,8,difficult,1
uniporto,3368,3,easy,1
uniporto,3368,4,easy,0
uniporto,3368,5,easy,1
uniporto,3368,6,easy,0
uniporto,3368,7,easy,1
uniporto,3368,8,easy,0
uniporto,3369,3,easy,0
uniporto,3369,4,easy,0
uniporto,3369,5,easy,0
uniporto,3369,6,easy,0
uniporto,3369,7,easy,0
uniporto,3369,8,easy,0
uniporto,3370,3,difficult,0
uniporto,3370,4,difficult,0
uniporto,3370,5,difficult,1
uniporto,3370,6,difficult,0
uniporto,3370,7,difficult,0
uniporto,3370,8,difficult,0
uniporto,3371,3,easy,0
uniporto,3371,4,easy,0
uniporto,3371,5,easy,1
uniporto,3371,6,easy,0
uniporto,3371,7,easy,0
uniporto,3371,8,easy,0
uniporto,3372,3,difficult,0
uniporto,3372,4,difficult,0
uniporto,3372,5,difficult,0
uniporto,3372,6,difficult,0
uniporto,3372,7,difficult,0
uniporto,3372,8,difficult,0
uniporto,3373,3,easy,0
uniporto,3373,4,easy,1
uniporto,3373,5,easy,1
uniporto,3373,6,easy,1
uniporto,3373,7,easy,0
uniporto,3373,8,easy,1
uniporto,3374,3,difficult,0
uniporto,3374,4,difficult,1
uniporto,3374,5,difficult,1
uniporto,3374,6,difficult,0
uniporto,3374,7,difficult,0
uniporto,3374,8,difficult,1
uniporto,3375,3,easy,1
uniporto,3375,4,easy,0
uniporto,3375,5,easy,1
uniporto,3375,6,easy,0
uniporto,3375,7,easy,1
uniporto,3375,8,easy,0
uniporto,3376,3,difficult,1
uniporto,3376,4,difficult,1
uniporto,3376,5,difficult,0
uniporto,3376,6,difficult,1
uniporto,3376,7,difficult,0
uniporto,3376,8,difficult,0
uniporto,3377,3,easy,1
uniporto,3377,4,easy,0
uniporto,3377,5,easy,1
uniporto,3377,6,easy,0
uniporto,3377,7,easy,1
uniporto,3377,8,easy,0
uniporto,3378,3,easy,1
uniporto,3378,4,easy,1
uniporto,3378,5,easy,1
uniporto,3378,6,easy,1
uniporto,3378,7,easy,0
uniporto,3378,8,easy,1
uniporto,3379,3,difficult,1
uniporto,3379,4,difficult,0
uniporto,3379,5,difficult,1
uniporto,3379,6,difficult,0
uniporto,3379,7,difficult,0
uniporto,3379,8,difficult,0
uniporto,3380,3,easy,1
uniporto,3380,4,easy,0
uniporto,3380,5,easy,1
uniporto,3380,6,easy,1
uniporto,3380,7,easy,0
uniporto,3380,8,easy,1
uniporto,3381,3,easy,0
uniporto,3381,4,easy,0
uniporto,3381,5,easy,1
uniporto,3381,6,easy,0
uniporto,3381,7,easy,0
uniporto,3381,8,easy,1
uniporto,3382,3,easy,1
uniporto,3382,4,easy,0
uniporto,3382,5,easy,1
uniporto,3382,6,easy,0
uniporto,3382,7,easy,0
uniporto,3382,8,easy,1
uniporto,3383,3,easy,0
uniporto,3383,4,easy,0
uniporto,3383,5,easy,0
uniporto,3383,6,easy,0
uniporto,3383,7,easy,1
uniporto,3383,8,easy,1
uniporto,3384,3,difficult,0
uniporto,3384,4,difficult,1
uniporto,3384,5,difficult,0
uniporto,3384,6,difficult,0
uniporto,3384,7,difficult,0
uniporto,3384,8,difficult,0
uniporto,3385,3,difficult,1
uniporto,3385,4,difficult,0
uniporto,3385,5,difficult,1
uniporto,3385,6,difficult,0
uniporto,3385,7,difficult,1
uniporto,3385,8,difficult,0
uniporto,3386,3,easy,0
uniporto,3386,4,easy,0
uniporto,3386,5,easy,0
uniporto,3386,6,easy,0
uniporto,3386,7,easy,0
uniporto,3386,8,easy,0
uniporto,3387,3,easy,1
uniporto,3387,4,easy,0
uniporto,3387,5,easy,1
uniporto,3387,6,easy,0
uniporto,3387,7,easy,0
uniporto,3387,8,easy,1
uniporto,3388,3,difficult,0
uniporto,3388,4,difficult,0
uniporto,3388,5,difficult,1
uniporto,3388,6,difficult,0
uniporto,3388,7,difficult,0
uniporto,3388,8,difficult,1
uniporto,3389,3,easy,0
uniporto,3389,4,easy,0
uniporto,3389,5,easy,1
uniporto,3389,6,easy,1
uniporto,3389,7,easy,1
uniporto,3389,8,easy,0
uniporto,3390,3,difficult,0
uniporto,3390,4,difficult,0
uniporto,3390,5,difficult,1
uniporto,3390,6,difficult,0
uniporto,3390,7,difficult,0
uniporto,3390,8,difficult,1
uniporto,3391,3,easy,1
uniporto,3391,4,easy,0
uniporto,3391,5,easy,1
uniporto,3391,6,easy,1
uniporto,3391,7,easy,0
uniporto,3391,8,easy,0
uniporto,3392,3,difficult,1
uniporto,3392,5,difficult,1
uniporto,3392,6,difficult,1
uniporto,3392,7,difficult,0
uniporto,3392,8,difficult,0
uniporto,3393,3,difficult,0
uniporto,3393,4,difficult,0
uniporto,3393,5,difficult,1
uniporto,3393,6,difficult,0
uniporto,3393,7,difficult,0
uniporto,3393,8,difficult,0
uniporto,3395,3,difficult,0
uniporto,3395,4,difficult,0
uniporto,3395,5,difficult,1
uniporto,3395,6,difficult,0
uniporto,3395,7,difficult,0
uniporto,3395,8,difficult,0
uniporto,3396,3,easy,0
uniporto,3396,4,easy,0
uniporto,3396,5,easy,1
uniporto,3396,6,easy,0
uniporto,3396,7,easy,0
uniporto,3396,8,easy,0
uniporto,3397,3,difficult,0
uniporto,3397,4,difficult,0
uniporto,3397,5,difficult,1
uniporto,3397,6,difficult,0
uniporto,3397,7,difficult,0
uniporto,3397,8,difficult,0
uniporto,3398,3,difficult,0
uniporto,3398,4,difficult,0
uniporto,3398,5,difficult,1
uniporto,3398,6,difficult,0
uniporto,3398,7,difficult,0
uniporto,3398,8,difficult,0
uniporto,3399,3,easy,1
uniporto,3399,4,easy,0
uniporto,3399,5,easy,1
uniporto,3399,6,easy,0
uniporto,3399,7,easy,0
uniporto,3399,8,easy,1
uniporto,3400,3,easy,0
uniporto,3400,4,easy,0
uniporto,3400,5,easy,1
uniporto,3400,6,easy,0
uniporto,3400,7,easy,1
uniporto,3400,8,easy,0
uniporto,3401,3,easy,0
uniporto,3401,4,easy,0
uniporto,3401,5,easy,1
uniporto,3401,6,easy,0
uniporto,3401,7,easy,0
uniporto,3401,8,easy,0
uniporto,3402,3,easy,0
uniporto,3402,4,easy,0
uniporto,3402,5,easy,1
uniporto,3402,6,easy,1
uniporto,3402,7,easy,0
uniporto,3402,8,easy,0
uniporto,3403,3,easy,0
uniporto,3403,4,easy,0
uniporto,3403,5,easy,0
uniporto,3403,6,easy,0
uniporto,3403,7,easy,1
uniporto,3403,8,easy,0
